rung,mask,sched,S,dur_us,graph_us,tflops_ncu,clk_ghz,sm_active_pct,tensor_act_pct,tensor_elapsed_pct,xu_mufu_pct,fma_pct,fmaheavy_pct,alu_pct,issue_pct,ipc_active,warp_lat_cyc,stall_long_sb,stall_wait,stall_short_sb,stall_barrier,dram_gbs,l2_pct,l2_hit_pct,tma_ld_mb,regs,smem_kb,waves,inst_total,fp8_mma_ops
A,causal,lpt,8192,130.08,129.28,4226.805986715867,2.296709,94.5025335254951,31.694213,29.951834,60.165018,16.361228,22.075002,13.662093,44.01773,1.753513,8.967134,5.048404,1.219127,0.656323,0.20624,382.059533,10.478555,73.515271,603.979776,128.0,248.48,inf,,620622774272.0
B,causal,lpt,8192,129.344,128.56,4250.857579416131,2.302335,93.84307120497583,32.03588,30.063454,60.761614,16.164735,21.449655,13.753197,44.311734,1.764814,8.99985,5.177569,1.207804,0.701029,0.204631,393.842652,10.732433,72.647167,640.679936,128.0,173.536,4.83,,620622774272.0
C,causal,lpt,8192,121.856,119.66,4512.070991596639,2.278646,93.28977527788022,34.558032,32.239111,33.091896,17.492699,24.571264,23.529046,48.414792,1.927423,8.196916,4.704771,0.687537,0.564001,0.416275,413.039916,11.096879,75.281558,640.679936,128.0,173.536,4.83,,620622774272.0
D,causal,lpt,8192,121.216,119.7,4535.893964097149,2.284166,93.30981908372657,34.652603,32.334281,33.179097,17.398865,25.009978,23.593777,48.287222,1.927188,8.197162,4.69192,0.670579,0.564402,0.400901,415.123548,11.146756,74.509724,640.679936,128.0,173.536,4.83,,620622774272.0
E,causal,lpt,8192,123.296,121.51,4459.373562418894,2.277898,93.61971923824372,34.038574,31.866818,32.684003,17.17104,25.604047,23.981763,48.761215,1.943942,8.14298,4.557913,0.685771,0.555292,0.383733,406.990916,11.470599,74.794693,640.679936,128.0,173.536,4.83,,620622774272.0
A,causal,lpt,16384,440.32,438.66,4994.452837209303,2.329931,98.06767265585671,34.494668,33.828118,65.471381,17.504524,21.842459,12.486531,44.850549,1.789945,8.890695,5.055511,1.239597,0.678672,0.169004,349.311628,12.304955,87.886378,2281.701,128.0,248.48,inf,,2409476653056.0
B,causal,lpt,16384,436.832,436.48,5034.332359534101,2.329095,98.21392029858757,34.743003,34.122465,65.906624,17.263166,21.112652,12.552334,44.966492,1.795225,8.874386,5.16948,1.232006,0.737408,0.160112,358.926965,12.687779,86.427612,2422.211,128.0,173.536,9.66,,2409476653056.0
C,causal,lpt,16384,401.92,400.03,5471.629859872611,2.319278,97.93212375836227,38.028434,37.242053,36.382231,18.948501,24.650089,23.312899,49.811833,1.990075,8.012188,4.642658,0.67341,0.585105,0.374032,390.091083,13.839613,85.146224,2422.211,128.0,173.536,9.66,,2409476653056.0
D,causal,lpt,16384,399.904,399.73,5499.213494438666,2.323636,98.29666547724135,38.006323,37.358949,36.36171,18.783356,25.037526,23.299916,49.710615,1.983369,8.02974,4.654743,0.657021,0.586674,0.359857,391.12491,14.006384,85.422125,2422.211,128.0,173.536,9.66,,2409476653056.0
E,causal,lpt,16384,406.528,405.4,5409.60886649874,2.317881,97.80755945486045,37.660548,36.834863,36.08073,18.664054,25.715681,23.829317,50.320945,2.014492,7.907797,4.500457,0.665332,0.574696,0.366399,385.746851,14.23134,86.10249,2422.211,128.0,173.536,9.66,,2409476653056.0
A,causal,lpt,32768,1636.992,1638.0,5373.490803659395,2.344107,99.53301958144814,35.78334,35.616238,67.902602,17.988803,21.472384,11.675184,44.921844,1.795554,8.897818,5.074668,1.255605,0.694512,0.153408,223.376808,13.431101,92.738649,8858.37,128.0,248.48,inf,,9491877724160.0
B,causal,lpt,32768,1626.592,1628.87,5407.847485825579,2.344248,99.57740966403489,35.999248,35.847119,68.295207,17.7445,20.731846,11.738809,44.999049,1.79905,8.879577,5.200426,1.249323,0.761855,0.144426,226.448585,13.776543,92.445648,9407.824,128.0,173.536,19.32,,9491877724160.0
C,causal,lpt,32768,1481.376,1533.92,5937.966767157022,2.336536,99.59639212446683,39.651702,39.491665,37.919168,19.593958,24.419312,22.912877,50.21943,2.007822,7.959718,4.638047,0.670845,0.602326,0.363104,249.71378,15.017807,93.154993,9407.824,128.0,173.536,19.32,,9491877724160.0
D,causal,lpt,32768,1477.7279999999998,1532.44,5952.625556031964,2.337753,99.6283808542368,39.716673,39.569078,37.980797,19.459872,24.856608,22.949787,50.207988,2.005095,7.971662,4.651804,0.654149,0.604088,0.348576,250.001083,15.23871,92.543023,9407.824,128.0,173.536,19.32,,9491877724160.0
E,causal,lpt,32768,1492.5759999999998,1539.89,5893.409419462728,2.339376,99.41861882789641,39.369595,39.140708,37.678109,19.32725,25.484961,23.451136,50.889033,2.035243,7.863141,4.477598,0.660419,0.592012,0.36051,246.907103,15.283221,93.492694,9407.824,128.0,173.536,19.32,,9491877724160.0
A,causal,natural,8192,167.488,159.8,3282.7600947649985,2.320776,70.62663095698457,32.577235,23.008204,61.770367,16.65587,22.13515,13.728009,44.546196,1.778457,8.816282,5.00347,1.22697,0.708705,0.195967,304.068781,8.769326,76.58584,603.979776,128.0,248.48,inf,,620622774272.0
B,causal,natural,8192,155.264,158.49,3541.213177246496,2.309326,76.2971179122506,32.735014,24.975872,61.972969,16.461957,21.559901,13.810994,44.809081,1.787081,8.774695,5.035654,1.20496,0.711279,0.190387,343.995054,9.50521,74.697135,640.679936,128.0,173.536,4.83,,620622774272.0
C,causal,natural,8192,142.72,145.6,3852.458819730942,2.301289,76.11437970767622,35.803267,27.251435,34.182908,17.997403,24.995607,24.122026,49.530539,1.97869,7.935087,4.568258,0.673661,0.559122,0.337891,370.426906,10.272301,75.931278,640.679936,128.0,173.536,4.83,,620622774272.0
D,causal,natural,8192,147.648,146.79,3723.8765357607285,2.305549,73.97701376927456,35.541433,26.292491,33.93384,17.690734,25.108112,23.947844,49.207011,1.959186,7.984662,4.600843,0.656496,0.558946,0.364805,355.526658,10.057975,76.024167,640.679936,128.0,173.536,4.83,,620622774272.0
E,causal,natural,8192,158.24,149.51,3474.6140214357933,2.307632,70.1737998764361,34.914971,24.501162,33.348311,17.603914,25.58766,24.189116,49.089334,1.967265,8.007275,4.509876,0.677093,0.568303,0.351339,333.021638,9.497422,75.839977,640.679936,128.0,173.536,4.83,,620622774272.0
A,causal,natural,16384,505.44,502.58,4350.976324153213,2.342409,83.85280880146071,34.948183,29.305033,66.296552,17.537775,21.679254,12.48403,44.995087,1.797869,8.822644,5.043879,1.253945,0.750214,0.154998,316.279835,11.471849,86.003408,2281.701,128.0,248.48,inf,,2409476653056.0
B,causal,natural,16384,496.896,503.12,4425.790252447192,2.340982,84.93877434303303,35.144892,29.85164,66.607053,17.43817,21.176289,12.57135,45.195368,1.806949,8.775298,5.091604,1.23052,0.752508,0.150681,327.438434,11.895722,87.644108,2422.211,128.0,173.536,9.66,,2409476653056.0
C,causal,natural,16384,447.2,455.33,4917.615101252236,2.332191,85.6926870832835,38.839819,33.282884,37.108624,19.246023,24.899131,23.675186,50.680229,2.023337,7.830856,4.573873,0.666076,0.581931,0.318542,361.851306,13.096036,87.320382,2422.211,128.0,173.536,9.66,,2409476653056.0
D,causal,natural,16384,454.272,456.49,4841.058822203438,2.335117,84.75903933548238,38.606823,32.722772,36.88704,18.942086,25.07565,23.534881,50.144765,2.005552,7.900539,4.604038,0.649109,0.583822,0.350483,356.38377,13.011343,87.099605,2422.211,128.0,173.536,9.66,,2409476653056.0
E,causal,natural,16384,456.128,463.78,4821.360392872176,2.332456,86.0393788122349,37.910955,32.61835,36.23156,18.85298,25.604559,23.774467,50.463904,2.013058,7.865273,4.466411,0.670624,0.593565,0.350046,354.972359,13.074494,87.278404,2422.211,128.0,173.536,9.66,,2409476653056.0
A,causal,natural,32768,1763.904,1767.02,4986.870860128443,2.350613,91.47575146369321,36.028529,32.957368,68.351353,17.902586,21.24152,11.66962,44.928302,1.796519,8.867383,5.090951,1.27248,0.775007,0.141206,210.902072,13.03369,93.083175,8858.37,128.0,248.48,inf,,9491877724160.0
B,causal,natural,32768,1740.256,1762.77,5054.636477428608,2.348116,92.35661488093892,36.225685,33.456816,68.688269,17.846593,20.773391,11.747833,45.149691,1.805207,8.823094,5.145661,1.250315,0.77875,0.138326,216.476914,13.506781,93.126375,9407.824,128.0,173.536,19.32,,9491877724160.0
C,causal,natural,32768,1604.8,1592.85,5481.282064845464,2.343447,90.20013619573044,40.294233,36.345453,38.508728,19.819221,24.638853,23.216207,50.909017,2.034912,7.829996,4.590145,0.667367,0.597495,0.314763,235.174796,14.672632,92.988621,9407.824,128.0,173.536,19.32,,9491877724160.0
D,causal,natural,32768,1599.808,1603.83,5498.38571732608,2.344444,91.07243438724493,40.015891,36.443446,38.242635,19.485919,24.813199,23.056202,50.425757,2.01499,7.901227,4.622635,0.649315,0.600228,0.347548,235.66492,14.679759,93.540058,9407.824,128.0,173.536,19.32,,9491877724160.0
E,causal,natural,32768,1629.888,1631.43,5396.911602308871,2.344332,90.95409275344032,39.324314,35.767073,37.587483,19.413569,25.387129,23.317175,50.638421,2.023981,7.873428,4.477132,0.670676,0.60997,0.355054,232.479365,14.553439,93.500291,9407.824,128.0,173.536,19.32,,9491877724160.0
A,none,natural,8192,218.72,217.22,5027.028290855889,2.321884,94.26964052516074,35.144363,33.130465,66.657944,17.724683,20.029731,10.388673,43.381809,1.731937,9.075511,5.211964,1.265925,0.784621,0.177085,221.655596,8.528382,82.515589,1107.296,128.0,248.48,inf,,1168231104512.0
B,none,natural,8192,218.176,216.57,5039.562682311529,2.315488,94.14197370130175,35.381665,33.308998,67.091478,17.451519,19.473797,10.450489,43.829781,1.75164,8.989243,5.24468,1.244799,0.787503,0.184473,234.508654,9.34727,77.699609,1175.454,128.0,173.536,4.83,,1168231104512.0
C,none,natural,8192,200.896,199.61,5473.038924498249,2.304079,92.45369855365088,39.313077,36.346393,37.575609,19.521543,22.980628,21.654136,49.588981,1.97821,7.947937,4.632894,0.622435,0.617533,0.341734,256.535202,11.544761,79.907136,1175.454,128.0,173.536,4.83,,1168231104512.0
D,none,natural,8192,202.016,201.06,5442.695765563124,2.309478,92.09557902083165,39.154704,36.059751,37.424908,19.407708,23.344096,21.567933,49.295318,1.964573,7.988452,4.663096,0.605193,0.619849,0.380654,251.886583,12.066075,85.169646,1175.454,128.0,173.536,4.83,,1168231104512.0
E,none,natural,8192,206.048,204.18,5336.191701817053,2.306967,92.71505154621173,38.174621,35.393619,36.487075,18.861613,24.114762,21.965378,49.068594,1.950359,8.055081,4.566641,0.656363,0.623221,0.445042,248.979034,12.163084,79.433151,1175.454,128.0,173.536,4.83,,1168231104512.0
A,none,natural,16384,825.408,825.86,5328.330366441808,2.343903,96.02017342666979,36.214685,34.773404,68.703107,18.093016,20.304955,10.4149,44.067158,1.76189,9.009787,5.216353,1.268096,0.807392,0.148025,189.809723,11.323419,92.115499,4362.076,128.0,248.48,inf,,4672924418048.0
B,none,natural,16384,822.848,823.03,5344.907578439761,2.338888,96.05272246418755,36.394589,34.957994,69.037063,17.815586,19.731471,10.487613,44.538989,1.780471,8.919666,5.241468,1.243812,0.788453,0.15572,193.037567,11.349186,90.223286,4632.609,128.0,173.536,9.66,,4672924418048.0
C,none,natural,16384,746.624,746.63,5890.577467512429,2.334759,94.53529175466576,40.824602,38.593657,39.025034,20.093915,23.512499,22.193922,50.784272,2.030065,7.826516,4.610344,0.613112,0.619102,0.300777,214.528373,13.469625,93.565151,4632.609,128.0,173.536,9.66,,4672924418048.0
D,none,natural,16384,748.8,751.72,5873.459550085471,2.338555,94.53192162186113,40.640358,38.418111,38.849853,19.948401,23.820535,22.094577,50.457562,2.01488,7.872514,4.63258,0.596647,0.622684,0.327135,214.382564,14.155598,92.042132,4632.609,128.0,173.536,9.66,,4672924418048.0
E,none,natural,16384,762.432,762.3,5768.444282380593,2.334264,95.47514465967924,39.592618,37.801109,37.84773,19.424101,24.679983,22.463724,49.924138,1.997263,7.952048,4.510666,0.644798,0.619991,0.417399,209.808445,13.749782,91.738411,4632.609,128.0,173.536,9.66,,4672924418048.0
A,none,natural,32768,3236.064,3240.73,5436.291137757473,2.350945,96.62789444977315,36.602701,35.36842,69.440549,18.20314,20.356276,10.383775,44.276853,1.770394,9.003474,5.22423,1.270553,0.817332,0.138307,114.595865,12.747691,95.866574,17314.087,128.0,248.48,inf,,18691697672192.0
B,none,natural,32768,3221.8559999999998,3226.6,5460.264532125583,2.348693,96.64234870552401,36.794672,35.559235,69.801095,17.941729,19.800411,10.474347,44.768964,1.790257,8.904078,5.244882,1.245068,0.789173,0.14749,116.292443,12.587273,96.610683,18392.022999999997,128.0,173.536,19.32,,18691697672192.0
C,none,natural,32768,2826.176,3018.64,6224.731242645894,2.344872,97.7673264123234,41.530249,40.603014,39.700111,20.33689,23.735207,22.432009,51.352733,2.054087,7.765174,4.611535,0.610079,0.621688,0.264557,132.966326,15.771237,97.397443,18392.022999999997,128.0,173.536,19.32,,18691697672192.0
D,none,natural,32768,2839.8720000000003,3009.33,6194.710904018209,2.345461,97.70280141921697,41.346642,40.396828,39.524809,20.206737,24.051404,22.33497,50.937995,2.038898,7.821481,4.62612,0.594511,0.624334,0.300484,132.045703,15.712419,96.273057,18392.022999999997,128.0,173.536,19.32,,18691697672192.0
E,none,natural,32768,2972.256,3065.74,5918.79906859167,2.343418,96.72765262674932,39.938391,38.631468,38.178343,19.529985,24.74882,22.50556,50.082299,2.00299,7.956973,4.504491,0.641043,0.618487,0.438005,126.361552,14.672494,98.397816,18392.022999999997,128.0,173.536,19.32,,18691697672192.0
